"movieId","title","genre","avgRating","numRatings"
"408","A Close Shave (1995)","Animation,Comedy,Thriller","4.49","112"
"169","The Wrong Trousers (1993)","Animation,Comedy","4.47","118"
"318","Schindler's List (1993)","Drama,War","4.47","298"
"483","Casablanca (1942)","Drama,Romance,War","4.46","243"
"114","Wallace & Gromit: The Best of Aardman Animation (1996)","Animation","4.45","67"
"64","The Shawshank Redemption (1994)","Drama","4.45","283"
"12","The Usual Suspects (1995)","Crime,Thriller","4.39","267"
"603","Rear Window (1954)","Mystery,Thriller","4.39","209"
"50","Star Wars (1977)","Action,Adventure,Romance,Sci-Fi,War","4.36","583"
"178","12 Angry Men (1957)","Drama","4.34","125"
"513","The Third Man (1949)","Mystery,Thriller","4.33","72"
"134","Citizen Kane (1941)","Drama","4.29","198"
"357","One Flew Over the Cuckoo's Nest (1975)","Drama","4.29","264"
"427","To Kill a Mockingbird (1962)","Drama","4.29","219"
"963","Some Folks Call It a Sling Blade (1993)","Drama,Thriller","4.29","41"
"98","The Silence of the Lambs (1991)","Drama,Thriller","4.29","390"
"127","The Godfather (1972)","Action,Crime,Drama","4.28","413"
"480","North by Northwest (1959)","Comedy,Thriller","4.28","179"
"285","Secrets & Lies (1996)","Drama","4.27","162"
"251","Shall We Dance? (1996)","Comedy","4.26","46"
"272","Good Will Hunting (1997)","Drama","4.26","198"
"657","The Manchurian Candidate (1962)","Film-Noir,Thriller","4.26","131"
"174","Raiders of the Lost Ark (1981)","Action,Adventure","4.25","420"
"313","Titanic (1997)","Action,Drama,Romance","4.25","350"
"474","Dr. Strangelove or: How I Learned to Stop Worrying and Love the Bomb (1963)","Sci-Fi,War","4.25","194"
"479","Vertigo (1958)","Mystery,Thriller","4.25","179"
"511","Lawrence of Arabia (1962)","Adventure,War","4.23","173"
"484","The Maltese Falcon (1941)","Film-Noir,Mystery","4.21","138"
"641","Paths of Glory (1957)","Drama,War","4.21","33"
"172","The Empire Strikes Back (1980)","Action,Adventure,Drama,Romance,Sci-Fi,War","4.20","367"
"223","Sling Blade (1996)","Drama,Thriller","4.20","136"
"316","As Good As It Gets (1997)","Comedy,Drama","4.20","112"
"488","Sunset Blvd. (1950)","Film-Noir","4.20","65"
"515","Boot, Das (1981)","Action,Drama,War","4.20","201"
"187","The Godfather: Part II (1974)","Action,Crime,Drama","4.19","209"
"966","An Affair to Remember (1957)","Romance","4.19","26"
"199","The Bridge on the River Kwai (1957)","Drama,War","4.18","165"
"498","The African Queen (1951)","Action,Adventure,Romance,War","4.18","152"
"170","Cinema Paradiso (1988)","Comedy,Drama,Romance","4.17","121"
"173","The Princess Bride (1987)","Action,Adventure,Comedy,Romance","4.17","324"
"100","Fargo (1996)","Crime,Drama,Thriller","4.16","508"
"191","Amadeus (1984)","Drama,Mystery","4.16","276"
"302","L.A. Confidential (1997)","Crime,Film-Noir,Mystery,Thriller","4.16","297"
"923","Raise the Red Lantern (1991)","Drama","4.16","58"
"22","Braveheart (1995)","Action,Drama,War","4.15","297"
"493","The Thin Man (1934)","Mystery","4.15","60"
"190","Henry V (1989)","Drama,War","4.14","124"
"654","Chinatown (1974)","Film-Noir,Mystery,Thriller","4.14","147"
"89","Blade Runner (1982)","Film-Noir,Sci-Fi","4.14","275"
"1007","Waiting for Guffman (1996)","Comedy","4.13","47"
"528","The Killing Fields (1984)","Drama,War","4.13","121"
"136","Mr. Smith Goes to Washington (1939)","Drama","4.12","105"
"166","Manon of the Spring (Manon des sources) (1986)","Drama","4.12","58"
"192","Raging Bull (1980)","Drama","4.12","116"
"23","Taxi Driver (1976)","Drama,Thriller","4.12","182"
"478","The Philadelphia Story (1940)","Comedy,Romance","4.12","104"
"489","Notorious (1946)","Film-Noir,Romance,Thriller","4.12","52"
"496","It's a Wonderful Life (1946)","Drama","4.12","231"
"165","Jean de Florette (1986)","Drama","4.11","64"
"189","A Grand Day Out (1992)","Animation,Comedy","4.11","66"
"1169","Fresh (1994)","Drama","4.10","10"
"185","Psycho (1960)","Horror,Romance,Thriller","4.10","239"
"197","The Graduate (1967)","Drama,Romance","4.10","239"
"315","Apt Pupil (1998)","Drama,Thriller","4.10","160"
"487","Roman Holiday (1953)","Comedy,Romance","4.10","68"
"519","The Treasure of the Sierra Madre (1948)","Adventure","4.10","80"
"520","The Great Escape (1963)","Adventure,War","4.10","124"
"611","Laura (1944)","Crime,Film-Noir,Mystery","4.10","40"
"647","Ran (1985)","Drama,War","4.10","70"
"661","High Noon (1952)","Unknown","4.10","88"
"48","Hoop Dreams (1994)","Documentary","4.09","117"
"132","The Wizard of Oz (1939)","Adventure,Children's,Drama,Musical","4.08","246"
"651","Glory (1989)","Action,Drama,War","4.08","171"
"659","Arsenic and Old Lace (1944)","Comedy,Mystery,Thriller","4.08","115"
"168","Monty Python and the Holy Grail (1974)","Comedy","4.07","316"
"1194","Once Were Warriors (1994)","Crime,Drama","4.06","31"
"194","The Sting (1973)","Comedy,Crime","4.06","241"
"56","Pulp Fiction (1994)","Crime,Drama","4.06","394"
"59","Three Colors: Red (1994)","Drama","4.06","83"
"633","A Christmas Carol (1938)","Drama","4.06","69"
"83","Much Ado About Nothing (1993)","Comedy,Romance","4.06","176"
"1142","When We Were Kings (1996)","Documentary","4.05","44"
"1203","Top Hat (1935)","Comedy,Musical,Romance","4.05","21"
"124","Lone Star (1996)","Drama,Mystery","4.05","187"
"180","Apocalypse Now (1979)","Drama,War","4.05","221"
"320","Paradise Lost: The Child Murders at Robin Hood Hills (1996)","Documentary","4.05","20"
"45","Eat Drink Man Woman (1994)","Comedy,Drama","4.05","80"
"606","All About Eve (1950)","Drama","4.05","66"
"615","The 39 Steps (1935)","Thriller","4.05","59"
"694","Persuasion (1995)","Romance","4.05","44"
"613","My Man Godfrey (1936)","Comedy","4.04","27"
"79","The Fugitive (1993)","Action,Thriller","4.04","336"
"183","Alien (1979)","Action,Horror,Sci-Fi,Thriller","4.03","291"
"525","The Big Sleep (1946)","Film-Noir,Mystery","4.03","73"
"530","The Man Who Would Be King (1975)","Adventure","4.03","80"
"648","The Quiet Man (1952)","Comedy,Romance","4.03","67"
"709","Strictly Ballroom (1992)","Comedy,Romance","4.03","104"
"490","To Catch a Thief (1955)","Comedy,Romance,Thriller","4.02","50"
"524","The Great Dictator (1940)","Comedy","4.02","46"
"527","Gandhi (1982)","Drama","4.02","195"
"589","The Wild Bunch (1969)","Unknown","4.02","43"
"60","Three Colors: Blue (1993)","Drama","4.02","64"
"1039","Hamlet (1996)","Drama","4.01","90"
"181","Return of the Jedi (1983)","Action,Adventure,Romance,Sci-Fi,War","4.01","507"
"198","Nikita (La Femme Nikita) (1990)","Thriller","4.01","127"
"275","Sense and Sensibility (1995)","Drama,Romance","4.01","268"
"604","It Happened One Night (1934)","Comedy","4.01","81"
"96","Terminator 2: Judgment Day (1991)","Action,Sci-Fi,Thriller","4.01","295"
"1131","Safe (1995)","Thriller","4.00","13"
"1143","Hard Eight (1996)","Crime,Thriller","4.00","15"
"430","Duck Soup (1933)","Comedy,War","4.00","93"
"494","His Girl Friday (1940)","Comedy","4.00","56"
"505","Dial M for Murder (1954)","Mystery,Thriller","4.00","68"
"512","Wings of Desire (1987)","Comedy,Drama,Romance","4.00","57"
"57","Priest (1994)","Drama","4.00","40"
"601","For Whom the Bell Tolls (1943)","Adventure,War","4.00","20"
"656","M (1931)","Crime,Film-Noir,Thriller","4.00","44"
"701","The Wonderful, Horrible Life of Leni Riefenstahl (1993)","Documentary","4.00","10"
"8","Babe (1995)","Children's,Comedy,Drama","4.00","219"
"156","Reservoir Dogs (1992)","Crime,Thriller","3.99","148"
"205","Patton (1970)","Drama,War","3.99","136"
"213","A Room with a View (1986)","Drama,Romance","3.99","134"
"242","Kolya (1996)","Comedy","3.99","117"
"523","Cool Hand Luke (1967)","Comedy,Drama","3.99","164"
"705","Singin' in the Rain (1952)","Musical,Romance","3.99","137"
"482","Some Like It Hot (1959)","Comedy,Crime","3.98","128"
"529","My Life as a Dog (Mitt liv som hund) (1985)","Drama","3.98","93"
"921","Farewell My Concubine (1993)","Drama,Romance","3.98","46"
"1019","Die xue shuang xiong (Killer, The) (1989)","Action,Thriller","3.97","31"
"1137","Beautiful Thing (1996)","Drama,Romance","3.97","29"
"135","2001: A Space Odyssey (1968)","Drama,Mystery,Sci-Fi,Thriller","3.97","259"
"14","Postino, Il (1994)","Drama,Romance","3.97","183"
"516","Local Hero (1983)","Comedy","3.97","63"
"607","Rebecca (1940)","Romance,Thriller","3.97","66"
"19","Antonia's Line (1995)","Drama","3.96","69"
"297","Ulee's Gold (1997)","Drama","3.96","50"
"176","Aliens (1986)","Action,Sci-Fi,Thriller,War","3.95","284"
"182","GoodFellas (1990)","Crime,Drama","3.95","226"
"208","Young Frankenstein (1974)","Comedy,Horror","3.95","200"
"30","Belle de jour (1967)","Drama","3.95","37"
"306","Mrs. Brown (Her Majesty, Mrs. Brown) (1997)","Drama,Romance","3.95","96"
"435","Butch Cassidy and the Sundance Kid (1969)","Action,Comedy","3.95","216"
"499","Cat on a Hot Tin Roof (1958)","Drama","3.95","62"
"246","Chasing Amy (1997)","Drama,Romance","3.94","124"
"429","The Day the Earth Stood Still (1951)","Drama,Sci-Fi","3.94","97"
"481","The Apartment (1960)","Comedy,Drama","3.94","63"
"510","The Magnificent Seven (1954)","Action,Drama","3.94","121"
"612","Lost Horizon (1937)","Drama","3.94","34"
"736","Shadowlands (1993)","Drama,Romance","3.94","78"
"811","Thirty-Two Short Films About Glenn Gould (1993)","Documentary","3.94","18"
"86","The Remains of the Day (1993)","Drama","3.94","150"
"936","Brassed Off (1996)","Comedy,Drama,Romance","3.94","32"
"195","The Terminator (1984)","Action,Sci-Fi,Thriller","3.93","301"
"210","Indiana Jones and the Last Crusade (1989)","Action,Adventure","3.93","331"
"269","The Full Monty (1997)","Comedy","3.93","315"
"28","Apollo 13 (1995)","Action,Drama,Thriller","3.93","276"
"608","Spellbound (1945)","Mystery,Romance,Thriller","3.93","30"
"707","Enchanted April (1991)","Drama","3.93","70"
"945","Charade (1963)","Comedy,Mystery,Romance,Thriller","3.93","40"
"193","The Right Stuff (1983)","Drama","3.92","157"
"196","Dead Poets Society (1989)","Drama","3.92","251"
"531","Shine (1996)","Drama,Romance","3.92","129"
"837","Meet John Doe (1941)","Drama","3.92","25"
"863","Garden of Finzi-Contini, The (Giardino dei Finzi-Contini, Il) (1970)","Drama","3.92","24"
"915","Primary Colors (1998)","Drama","3.92","13"
"179","A Clockwork Orange (1971)","Sci-Fi","3.91","221"
"209","This Is Spinal Tap (1984)","Comedy,Drama,Musical","3.91","191"
"211","M*A*S*H (1970)","Comedy,War","3.91","206"
"216","When Harry Met Sally... (1989)","Comedy,Romance","3.91","290"
"317","In the Name of the Father (1993)","Drama","3.91","102"
"514","Annie Hall (1977)","Comedy,Romance","3.91","180"
"653","Touch of Evil (1958)","Crime,Film-Noir,Thriller","3.91","34"
"663","Being There (1979)","Comedy","3.91","116"
"87","Searching for Bobby Fischer (1993)","Drama","3.91","138"
"1269","Love in the Afternoon (1957)","Comedy,Romance","3.90","10"
"137","Big Night (1996)","Drama","3.90","171"
"500","Fly Away Home (1996)","Adventure,Children's","3.90","31"
"632","Sophie's Choice (1982)","Drama","3.90","58"
"9","Dead Man Walking (1995)","Drama","3.90","299"
"1020","Gaslight (1944)","Mystery,Thriller","3.89","35"
"652","Rosencrantz and Guildenstern Are Dead (1990)","Comedy,Drama","3.89","90"
"813","The Celluloid Closet (1995)","Documentary","3.89","56"
"1","Toy Story (1995)","Animation,Children's,Comedy","3.88","452"
"171","Delicatessen (1991)","Comedy,Sci-Fi","3.88","65"
"238","Raising Arizona (1987)","Comedy","3.88","256"
"475","Trainspotting (1996)","Drama","3.88","250"
"655","Stand by Me (1986)","Adventure,Comedy,Drama","3.88","227"
"745","The Ruling Class (1972)","Comedy","3.88","16"
"133","Gone with the Wind (1939)","Drama,Romance,War","3.87","171"
"144","Die Hard (1988)","Action,Thriller","3.87","243"
"1451","Foreign Correspondent (1940)","Thriller","3.87","15"
"203","Unforgiven (1992)","Unknown","3.87","182"
"646","Once Upon a Time in the West (1969)","Unknown","3.87","38"
"835","The Gay Divorcee (1934)","Comedy,Musical,Romance","3.87","15"
"1084","Anne Frank Remembered (1995)","Documentary","3.86","21"
"177","The Good, The Bad and The Ugly (1966)","Action","3.86","137"
"265","The Hunt for Red October (1990)","Action,Thriller","3.86","227"
"463","The Secret of Roan Inish (1994)","Adventure","3.86","71"
"492","East of Eden (1955)","Drama","3.86","59"
"506","Rebel Without a Cause (1955)","Drama","3.86","90"
"61","Three Colors: White (1994)","Drama","3.86","59"
"853","Braindead (1992)","Comedy,Horror","3.86","14"
"11","Seven (Se7en) (1995)","Crime,Thriller","3.85","236"
"1149","Walkabout (1971)","Drama","3.85","26"
"509","My Left Foot (1989)","Drama","3.85","121"
"69","Forrest Gump (1994)","Comedy,Romance,War","3.85","321"
"735","Philadelphia (1993)","Drama","3.85","137"
"750","Amistad (1997)","Drama","3.85","124"
"186","The Blues Brothers (1980)","Action,Comedy,Musical","3.84","251"
"434","Forbidden Planet (1956)","Sci-Fi","3.84","67"
"497","Bringing Up Baby (1938)","Comedy","3.84","68"
"10","Richard III (1995)","Drama,War","3.83","89"
"1124","A Farewell to Arms (1932)","Romance,War","3.83","12"
"150","Swingers (1996)","Comedy,Drama","3.83","157"
"200","The Shining (1980)","Horror","3.83","206"
"204","Back to the Future (1985)","Comedy,Sci-Fi","3.83","350"
"423","E.T. the Extra-Terrestrial (1982)","Children's,Drama,Fantasy,Sci-Fi","3.83","300"
"521","The Deer Hunter (1978)","Drama,War","3.83","120"
"526","Ben-Hur (1959)","Action,Adventure,Drama","3.83","124"
"856","Night on Earth (1991)","Comedy,Drama","3.83","36"
"902","The Big Lebowski (1998)","Comedy,Crime,Mystery,Thriller","3.83","42"
"1021","8 1/2 (1963)","Drama","3.82","38"
"1073","Shallow Grave (1994)","Thriller","3.82","66"
"116","Cold Comfort Farm (1995)","Comedy","3.82","125"
"129","Bound (1996)","Crime,Drama,Romance,Thriller","3.82","129"
"175","Brazil (1985)","Sci-Fi","3.82","208"
"207","Cyrano de Bergerac (1990)","Action,Drama,Romance","3.82","66"
"228","Star Trek: The Wrath of Khan (1982)","Action,Adventure,Sci-Fi","3.82","244"
"428","Harold and Maude (1971)","Comedy","3.82","121"
"485","My Fair Lady (1964)","Musical,Romance","3.82","125"
"504","Bonnie and Clyde (1967)","Crime,Drama","3.82","122"
"507","A Streetcar Named Desire (1951)","Drama","3.82","98"
"922","Dead Man (1995)","Unknown","3.82","34"
"443","The Birds (1963)","Horror","3.81","162"
"645","Paris Is Burning (1990)","Documentary","3.81","27"
"95","Aladdin (1992)","Animation,Children's,Comedy,Musical","3.81","219"
"1193","Before the Rain (Pred dozhdot) (1994)","Drama","3.80","10"
"126","The Spitfire Grill (1996)","Drama","3.80","97"
"258","Contact (1997)","Drama,Sci-Fi","3.80","509"
"293","Donnie Brasco (1997)","Crime,Drama","3.80","147"
"42","Clerks (1994)","Comedy","3.80","148"
"462","Like Water For Chocolate (Como agua para chocolate) (1992)","Drama,Romance","3.80","148"
"486","Sabrina (1954)","Comedy,Romance","3.80","64"
"7","Twelve Monkeys (1995)","Drama,Sci-Fi","3.80","392"
"969","Winnie the Pooh and the Blustery Day (1968)","Animation,Children's","3.80","75"
"1103","Trust (1990)","Comedy,Drama","3.79","19"
"153","A Fish Called Wanda (1988)","Comedy","3.79","247"
"268","Chasing Amy (1997)","Drama,Romance","3.79","255"
"32","Crumb (1994)","Documentary","3.79","81"
"467","A Bronx Tale (1993)","Drama","3.79","48"
"491","The Adventures of Robin Hood (1938)","Action,Adventure","3.79","67"
"588","Beauty and the Beast (1991)","Animation,Children's,Musical","3.79","202"
"684","In the Line of Fire (1993)","Action,Thriller","3.79","169"
"919","The City of Lost Children (1995)","Adventure,Sci-Fi","3.79","96"
"958","To Live (Huozhe) (1994)","Drama","3.79","14"
"97","Dances with Wolves (1990)","Adventure,Drama","3.79","256"
"15","Mr. Holland's Opus (1995)","Drama","3.78","293"
"234","Jaws (1975)","Action,Horror","3.78","280"
"469","Short Cuts (1993)","Drama","3.78","67"
"617","Blue Angel, The (Blaue Engel, Der) (1930)","Drama","3.78","18"
"71","The Lion King (1994)","Animation,Children's,Musical","3.78","220"
"1101","Six Degrees of Separation (1993)","Drama,Mystery","3.77","74"
"143","The Sound of Music (1965)","Musical","3.77","222"
"298","Face/Off (1997)","Action,Sci-Fi,Thriller","3.77","194"
"432","Fantasia (1940)","Animation,Children's,Musical","3.77","174"
"517","Manhattan (1979)","Comedy,Drama,Romance","3.77","91"
"52","The Madness of King George (1994)","Drama","3.77","91"
"522","Down by Law (1986)","Comedy,Drama","3.77","35"
"638","Return of Martin Guerre, The (Retour de Martin Guerre, Le) (1982)","Drama","3.77","44"
"644","The Thin Blue Line (1988)","Documentary","3.77","35"
"836","Ninotchka (1939)","Comedy,Romance","3.77","26"
"896","The Sweet Hereafter (1997)","Drama","3.77","44"
"909","Dangerous Beauty (1998)","Drama","3.77","13"
"1121","Umbrellas of Cherbourg, The (Parapluies de Cherbourg, Les) (1964)","Drama,Musical","3.76","21"
"202","Groundhog Day (1993)","Comedy,Romance","3.76","280"
"660","Fried Green Tomatoes (1991)","Drama","3.76","153"
"1062","Four Days in September (1997)","Drama","3.75","12"
"154","Monty Python's Life of Brian (1979)","Comedy","3.75","174"
"257","Men in Black (1997)","Action,Adventure,Comedy,Sci-Fi","3.75","303"
"459","Cry, the Beloved Country (1995)","Drama","3.75","24"
"614","Giant (1956)","Drama","3.75","51"
"634","Microcosmos: Le peuple de l'herbe (1996)","Documentary","3.75","24"
"1070","Living in Oblivion (1995)","Comedy","3.74","27"
"425","Bob Roberts (1992)","Comedy","3.74","85"
"115","The Haunted World of Edward D. Wood Jr. (1995)","Documentary","3.73","15"
"131","Breakfast at Tiffany's (1961)","Drama,Romance","3.73","95"
"221","Breaking the Waves (1996)","Drama","3.73","74"
"847","Looking for Richard (1996)","Documentary,Drama","3.73","55"
"855","Diva (1981)","Action,Drama,Mystery,Romance,Thriller","3.73","66"
"283","Emma (1996)","Drama,Romance","3.72","177"
"378","Miracle on 34th Street (1994)","Drama","3.72","101"
"419","Mary Poppins (1964)","Children's,Comedy,Musical","3.72","178"
"792","Bullets Over Broadway (1994)","Comedy","3.72","86"
"82","Jurassic Park (1993)","Action,Adventure,Sci-Fi","3.72","261"
"93","Welcome to the Dollhouse (1995)","Comedy,Drama","3.72","112"
"968","The Inspector General (1949)","Musical","3.72","18"
"1286","Shall We Dance? (1937)","Comedy,Musical,Romance","3.71","17"
"237","Jerry Maguire (1996)","Drama,Romance","3.71","384"
"262","In the Company of Men (1997)","Drama","3.71","66"
"753","Burnt By the Sun (1994)","Drama","3.71","24"
"99","Snow White and the Seven Dwarfs (1937)","Animation,Children's,Musical","3.71","172"
"215","Field of Dreams (1989)","Drama","3.70","212"
"224","Ridicule (1996)","Drama","3.70","44"
"276","Leaving Las Vegas (1995)","Drama,Romance","3.70","298"
"502","Bananas (1971)","Comedy,War","3.70","57"
"55","The Professional (1994)","Crime,Drama,Romance,Thriller","3.70","149"
"602","An American in Paris (1951)","Musical,Romance","3.70","50"
"639","Tin Drum, The (Blechtrommel, Die) (1979)","Drama","3.70","40"
"1098","Flirting With Disaster (1996)","Comedy","3.69","42"
"117","The Rock (1996)","Action,Adventure,Thriller","3.69","378"
"157","Platoon (1986)","Drama,War","3.69","127"
"253","The Pillow Book (1995)","Drama,Romance","3.69","26"
"282","A Time to Kill (1996)","Drama","3.69","232"
"303","Ulee's Gold (1997)","Drama","3.69","134"
"433","Heathers (1989)","Comedy","3.69","171"
"718","In the Bleak Midwinter (1995)","Comedy","3.69","16"
"900","Kundun (1997)","Drama","3.69","42"
"1005","Double vie de V�ronique, La (Double Life of Veronique, The) (1991)","Drama","3.68","22"
"188","Full Metal Jacket (1987)","Action,Drama,War","3.68","170"
"248","Grosse Pointe Blank (1997)","Comedy,Crime","3.68","160"
"311","The Wings of the Dove (1997)","Drama,Romance,Thriller","3.68","75"
"686","A Perfect World (1993)","Action,Drama","3.68","50"
"699","Little Women (1994)","Drama","3.68","102"
"971","Mediterraneo (1991)","Comedy,War","3.68","34"
"1147","My Family (1995)","Drama","3.67","21"
"1172","The Women (1939)","Comedy","3.67","15"
"1428","SubUrbia (1997)","Comedy","3.67","12"
"292","Rosewood (1997)","Drama","3.67","114"
"404","Pinocchio (1940)","Animation,Children's","3.67","101"
"420","Alice in Wonderland (1951)","Animation,Children's,Musical","3.67","81"
"470","Tombstone (1993)","Unknown","3.67","108"
"533","The Daytrippers (1996)","Mystery","3.67","15"
"558","Heavenly Creatures (1994)","Drama,Fantasy,Thriller","3.67","70"
"965","Funny Face (1957)","Comedy,Musical","3.67","21"
"1063","A Little Princess (1995)","Children's,Drama","3.66","41"
"1119","Some Kind of Wonderful (1987)","Drama,Romance","3.66","59"
"222","Star Trek: First Contact (1996)","Action,Adventure,Sci-Fi","3.66","365"
"286","The English Patient (1996)","Drama,Romance,War","3.66","481"
"495","Around the World in 80 Days (1956)","Adventure,Comedy","3.66","59"
"610","Gigi (1958)","Musical","3.66","41"
"70","Four Weddings and a Funeral (1994)","Comedy,Romance","3.66","251"
"746","Real Genius (1985)","Comedy","3.66","119"
"1050","The Ghost and Mrs. Muir (1947)","Drama,Romance","3.65","43"
"1240","Ghost in the Shell (Kokaku kidotai) (1995)","Animation,Sci-Fi","3.65","26"
"344","The Apostle (1997)","Drama","3.65","55"
"518","Miller's Crossing (1990)","Drama","3.65","89"
"568","Speed (1994)","Action,Romance,Thriller","3.65","230"
"58","Quiz Show (1994)","Drama","3.65","175"
"693","Casino (1995)","Drama","3.65","91"
"732","Dave (1993)","Comedy,Romance","3.65","180"
"794","It Could Happen to You (1994)","Drama,Romance","3.65","46"
"305","The Ice Storm (1997)","Drama","3.64","87"
"346","Jackie Brown (1997)","Crime,Drama","3.64","126"
"503","The Candidate (1972)","Drama","3.64","39"
"742","Ransom (1996)","Drama,Thriller","3.64","267"
"1278","Selena (1997)","Drama,Musical","3.63","16"
"151","Willy Wonka and the Chocolate Factory (1971)","Adventure,Children's,Comedy","3.63","326"
"152","Sleeper (1973)","Comedy,Sci-Fi","3.63","82"
"300","Air Force One (1997)","Action,Thriller","3.63","431"
"31","Crimson Tide (1995)","Drama,Thriller,War","3.63","154"
"537","My Own Private Idaho (1991)","Drama","3.63","30"
"692","The American President (1995)","Comedy,Drama,Romance","3.63","164"
"805","Manhattan Murder Mystery (1993)","Comedy,Mystery","3.63","27"
"1116","The Mark of Zorro (1940)","Adventure","3.62","13"
"1160","Love! Valour! Compassion! (1997)","Drama,Romance","3.62","26"
"236","Citizen Ruth (1996)","Comedy,Drama","3.62","45"
"461","Smoke (1995)","Drama","3.62","74"
"543","Mis�rables, Les (1995)","Drama,Musical","3.62","21"
"631","The Crying Game (1992)","Action,Drama,Romance,War","3.62","119"
"92","True Romance (1993)","Action,Crime,Romance","3.62","104"
"961","Orlando (1993)","Drama","3.62","34"
"1204","To Be or Not to Be (1942)","Comedy,Drama,War","3.61","18"
"471","Courage Under Fire (1996)","Drama,War","3.61","221"
"618","Picnic (1955)","Drama","3.61","18"
"671","Bride of Frankenstein (1935)","Horror","3.61","46"
"713","Othello (1995)","Drama","3.61","72"
"887","Eve's Bayou (1997)","Drama","3.61","64"
"956","Nobody's Fool (1994)","Drama","3.61","46"
"1024","Mrs. Dalloway (1997)","Romance","3.60","15"
"1375","The Cement Garden (1993)","Drama","3.60","10"
"270","Gattaca (1997)","Drama,Sci-Fi,Thriller","3.60","136"
"310","The Rainmaker (1997)","Drama","3.60","145"
"466","Red Rock West (1992)","Thriller","3.60","52"
"47","Ed Wood (1994)","Comedy,Drama","3.60","133"
"508","The People vs. Larry Flynt (1996)","Drama","3.60","215"
"582","The Piano (1993)","Drama,Romance","3.60","168"
"591","Primal Fear (1996)","Drama,Thriller","3.60","178"
"939","Murder in the First (1995)","Drama,Thriller","3.60","60"
"164","The Abyss (1989)","Action,Adventure,Sci-Fi,Thriller","3.59","151"
"287","Marvin's Room (1996)","Drama","3.59","78"
"333","The Game (1997)","Mystery,Thriller","3.59","251"
"340","Boogie Nights (1997)","Drama","3.59","189"
"382","The Adventures of Priscilla, Queen of the Desert (1994)","Comedy,Drama","3.59","111"
"421","William Shakespeare's Romeo and Juliet (1996)","Drama,Romance","3.59","106"
"464","Vanya on 42nd Street (1994)","Drama","3.59","27"
"91","The Nightmare Before Christmas (1993)","Children's,Comedy,Musical","3.59","143"
"418","Cinderella (1950)","Animation,Children's,Musical","3.58","129"
"6","Shanghai Triad (Yao a yao yao dao waipo qiao) (1995)","Drama","3.58","26"
"609","Father of the Bride (1950)","Comedy","3.58","60"
"703","Widows' Peak (1994)","Drama","3.58","19"
"1129","Chungking Express (1994)","Drama,Mystery,Romance","3.57","28"
"273","Heat (1995)","Action,Crime,Thriller","3.57","223"
"549","Rob Roy (1995)","Drama,Romance,War","3.57","92"
"566","Clear and Present Danger (1994)","Action,Adventure,Thriller","3.57","179"
"587","The Hour of the Pig (1993)","Drama,Mystery","3.57","14"
"710","Better Off Dead... (1985)","Comedy","3.57","79"
"789","Swimming with Sharks (1995)","Comedy,Drama","3.57","47"
"1197","A Family Thing (1996)","Comedy,Drama","3.56","45"
"125","Phenomenon (1996)","Drama,Romance","3.56","244"
"162","On Golden Pond (1981)","Drama","3.56","106"
"256","When the Cats Away (Chacun cherche son chat) (1996)","Comedy,Romance","3.56","16"
"385","True Lies (1994)","Action,Adventure,Comedy,Romance","3.56","208"
"46","Exotica (1994)","Drama","3.56","27"
"465","The Jungle Book (1994)","Adventure,Children's,Romance","3.56","85"
"675","Nosferatu (Nosferatu, eine Symphonie des Grauens) (1922)","Horror","3.56","54"
"1159","Stalker (1979)","Mystery,Sci-Fi","3.55","11"
"1167","The Sum of Us (1994)","Comedy","3.55","11"
"163","The Return of the Pink Panther (1974)","Comedy","3.55","92"
"241","The Last of the Mohicans (1992)","Action,Romance,War","3.55","128"
"381","Muriel's Wedding (1994)","Comedy,Romance","3.55","100"
"4","Get Shorty (1995)","Action,Comedy,Drama","3.55","209"
"66","While You Were Sleeping (1995)","Comedy,Romance","3.55","162"
"778","Don Juan DeMarco (1995)","Comedy,Drama,Romance","3.55","76"
"81","The Hudsucker Proxy (1994)","Comedy,Romance","3.55","110"
"954","Unzipped (1995)","Documentary","3.55","11"
"128","Supercop (1992)","Action,Thriller","3.54","65"
"304","Fly Away Home (1996)","Adventure,Children's","3.54","149"
"331","The Edge (1997)","Adventure,Thriller","3.54","113"
"392","The Man Without a Face (1993)","Drama","3.54","68"
"431","Highlander (1986)","Action,Adventure","3.54","153"
"436","An American Werewolf in London (1981)","Horror","3.54","99"
"584","The Secret Garden (1993)","Children's,Drama","3.54","79"
"65","What's Eating Gilbert Grape (1993)","Comedy,Drama","3.54","115"
"650","Seventh Seal, The (Sjunde inseglet, Det) (1957)","Drama","3.54","72"
"664","Paris, Texas (1984)","Drama","3.54","46"
"88","Sleepless in Seattle (1993)","Comedy,Romance","3.54","213"
"1012","Private Parts (1997)","Comedy,Drama","3.53","100"
"372","Jeffrey (1995)","Comedy","3.53","34"
"414","My Favorite Year (1982)","Comedy","3.53","62"
"201","Evil Dead II (1987)","Action,Adventure,Comedy,Horror","3.52","89"
"307","The Devil's Advocate (1997)","Crime,Horror,Mystery,Thriller","3.52","188"
"673","Cape Fear (1962)","Film-Noir,Thriller","3.52","86"
"993","Hercules (1997)","Adventure,Animation,Children's,Comedy,Musical","3.52","66"
"239","Sneakers (1992)","Crime,Drama,Sci-Fi","3.51","150"
"347","Wag the Dog (1997)","Comedy,Drama","3.51","137"
"628","Sleepers (1996)","Crime,Drama","3.51","169"
"107","Moll Flanders (1996)","Drama","3.50","42"
"1097","Hate (Haine, La) (1995)","Drama","3.50","18"
"141","20,000 Leagues Under the Sea (1954)","Adventure,Children's,Fantasy,Sci-Fi","3.50","72"
"274","Sabrina (1995)","Comedy,Romance","3.50","190"
"359","The Assignment (1997)","Thriller","3.50","18"
"361","Incognito (1997)","Crime,Thriller","3.50","10"
"445","The Body Snatcher (1945)","Horror","3.50","22"
"447","Carrie (1976)","Horror","3.50","121"
"501","Dumbo (1941)","Animation,Children's,Musical","3.50","123"
"691","Dark City (1998)","Film-Noir,Sci-Fi,Thriller","3.50","16"
"730","Queen Margot (Reine Margot, La) (1994)","Drama,Romance","3.50","24"
"793","Crooklyn (1994)","Comedy","3.50","10"
"1065","Koyaanisqatsi (1983)","Documentary,War","3.49","53"
"111","The Truth About Cats & Dogs (1996)","Comedy,Romance","3.49","272"
"1221","When a Man Loves a Woman (1994)","Drama","3.49","39"
"354","The Wedding Singer (1998)","Comedy,Romance","3.49","72"
"724","Circle of Friends (1995)","Drama,Romance","3.49","76"
"942","What's Love Got to Do with It (1993)","Drama","3.49","45"
"1136","Ghosts of Mississippi (1996)","Drama","3.48","29"
"161","Top Gun (1986)","Action,Romance","3.48","220"
"250","The Fifth Element (1997)","Action,Sci-Fi","3.48","197"
"416","Old Yeller (1957)","Children's,Drama","3.48","64"
"642","The Grifters (1990)","Crime,Drama,Film-Noir","3.48","89"
"708","Sex, Lies, and Videotape (1989)","Drama","3.48","101"
"729","Nell (1994)","Drama","3.48","81"
"740","Jane Eyre (1996)","Drama,Romance","3.48","63"
"865","The Ice Storm (1997)","Drama","3.48","21"
"943","Killing Zoe (1994)","Thriller","3.48","40"
"1153","Backbeat (1993)","Drama,Musical","3.47","19"
"147","The Long Kiss Goodnight (1996)","Action,Thriller","3.47","185"
"73","Maverick (1994)","Action,Comedy","3.47","128"
"845","That Thing You Do! (1996)","Comedy","3.47","176"
"888","One Night Stand (1997)","Drama","3.47","15"
"959","Dazed and Confused (1993)","Comedy","3.47","64"
"1016","Con Air (1997)","Action,Adventure,Thriller","3.46","137"
"1053","Now and Then (1995)","Drama","3.46","24"
"1099","Red Firecracker, Green Firecracker (1994)","Drama","3.46","13"
"1218","Friday (1995)","Comedy","3.46","26"
"160","Glengarry Glen Ross (1992)","Drama","3.46","69"
"212","The Unbearable Lightness of Being (1988)","Drama","3.46","92"
"218","Cape Fear (1991)","Thriller","3.46","171"
"277","Restoration (1995)","Drama","3.46","71"
"332","Kiss the Girls (1997)","Crime,Drama,Thriller","3.46","143"
"367","Clueless (1995)","Comedy","3.46","170"
"402","Ghost (1990)","Comedy,Romance,Thriller","3.46","170"
"51","Legends of the Fall (1994)","Drama,Romance,War","3.46","81"
"690","Seven Years in Tibet (1997)","Drama,War","3.46","155"
"727","Immortal Beloved (1994)","Drama,Romance","3.46","63"
"744","Michael Collins (1996)","Drama,War","3.46","92"
"747","Benny & Joon (1993)","Comedy,Romance","3.46","102"
"806","Menace II Society (1993)","Action,Crime,Drama","3.46","50"
"1067","Bottle Rocket (1996)","Comedy","3.45","44"
"230","Star Trek IV: The Voyage Home (1986)","Action,Adventure,Sci-Fi","3.45","199"
"24","Rumble in the Bronx (1995)","Action,Adventure,Crime","3.45","174"
"26","The Brothers McMullen (1995)","Comedy","3.45","73"
"33","Desperado (1995)","Action,Romance,Thriller","3.45","97"
"741","The Last Supper (1995)","Drama,Thriller","3.45","58"
"904","Ma vie en rose (My Life in Pink) (1997)","Comedy,Drama","3.45","20"
"1022","Fast, Cheap & Out of Control (1997)","Documentary","3.44","32"
"121","Independence Day (ID4) (1996)","Action,Sci-Fi,War","3.44","429"
"25","The Birdcage (1996)","Comedy","3.44","293"
"288","Scream (1996)","Horror,Thriller","3.44","478"
"389","Black Beauty (1994)","Adventure,Children's","3.44","27"
"721","Mallrats (1995)","Comedy","3.44","54"
"109","Mystery Science Theater 3000: The Movie (1996)","Comedy,Sci-Fi","3.43","130"
"1109","Death and the Maiden (1994)","Drama,Thriller","3.43","28"
"1152","In Love and War (1996)","Romance,War","3.43","28"
"184","Army of Darkness (1993)","Action,Adventure,Comedy,Horror,Sci-Fi","3.43","116"
"403","Batman (1989)","Action,Adventure,Crime,Drama","3.43","201"
"662","Somewhere in Time (1980)","Drama,Romance","3.43","82"
"697","The Basketball Diaries (1995)","Drama","3.43","40"
"751","Tomorrow Never Dies (1997)","Action,Romance,Thriller","3.43","180"
"1211","Blue Sky (1994)","Drama,Romance","3.42","12"
"1277","Set It Off (1996)","Action,Crime","3.42","19"
"13","Mighty Aphrodite (1995)","Comedy","3.42","184"
"1483","The Man in the Iron Mask (1998)","Action,Drama,Romance","3.42","12"
"20","Angels and Insects (1995)","Drama,Romance","3.42","72"
"328","Conspiracy Theory (1997)","Action,Mystery,Romance,Thriller","3.42","295"
"538","Anastasia (1997)","Animation,Children's,Musical","3.42","66"
"616","Night of the Living Dead (1968)","Horror,Sci-Fi","3.42","64"
"658","Pump Up the Volume (1990)","Drama","3.42","79"
"68","The Crow (1994)","Action,Romance,Thriller","3.42","134"
"1115","Twelfth Night (1996)","Comedy,Drama,Romance","3.41","29"
"393","Mrs. Doubtfire (1993)","Comedy","3.41","192"
"76","Carlito's Way (1993)","Crime,Drama","3.41","54"
"937","A Thousand Acres (1997)","Drama","3.41","37"
"955","Before Sunrise (1995)","Drama,Romance","3.41","49"
"295","Breakdown (1997)","Action,Thriller","3.40","77"
"345","Deconstructing Harry (1997)","Comedy,Drama","3.40","65"
"649","Once Upon a Time in America (1984)","Crime,Drama,Thriller","3.40","50"
"924","White Squall (1996)","Adventure,Drama","3.40","85"
"448","The Omen (1976)","Horror","3.39","85"
"754","Red Corner (1997)","Crime,Thriller","3.39","57"
"762","Beautiful Girls (1996)","Drama","3.39","115"
"763","Happy Gilmore (1996)","Comedy","3.39","149"
"770","Devil in a Blue Dress (1995)","Crime,Film-Noir,Mystery,Thriller","3.39","57"
"1008","I Shot Andy Warhol (1996)","Drama","3.38","37"
"1009","Stealing Beauty (1996)","Drama","3.38","64"
"1192","The Boys of St. Vincent (1993)","Drama","3.38","13"
"1226","Night Falls on Manhattan (1997)","Crime,Drama","3.38","32"
"206","Akira (1988)","Adventure,Animation,Sci-Fi,Thriller","3.38","50"
"327","Cop Land (1997)","Crime,Drama,Mystery","3.38","175"
"356","The Client (1994)","Drama,Mystery,Thriller","3.38","97"
"387","The Age of Innocence (1993)","Drama","3.38","65"
"580","The Englishman Who Went Up a Hill, But Came Down a Mountain (1995)","Comedy,Romance","3.38","32"
"596","The Hunchback of Notre Dame (1996)","Animation,Children's,Musical","3.38","127"
"854","Bad Taste (1987)","Comedy,Horror","3.38","16"
"889","The Tango Lesson (1997)","Romance","3.38","13"
"291","Absolute Power (1997)","Mystery,Thriller","3.37","127"
"1176","Welcome To Sarajevo (1997)","Drama,War","3.36","22"
"1190","That Old Feeling (1997)","Comedy,Romance","3.36","11"
"220","The Mirror Has Two Faces (1996)","Comedy,Romance","3.36","66"
"226","Die Hard 2 (1990)","Action,Thriller","3.36","166"
"255","My Best Friend's Wedding (1997)","Comedy,Romance","3.36","172"
"326","G.I. Jane (1997)","Action,Drama,War","3.36","175"
"334","U Turn (1997)","Action,Crime,Mystery","3.36","64"
"622","Swiss Family Robinson (1960)","Adventure,Children's","3.36","39"
"685","Executive Decision (1996)","Action,Thriller","3.36","157"
"844","Freeway (1996)","Crime","3.36","42"
"214","Pink Floyd - The Wall (1982)","Drama,Musical,War","3.35","114"
"451","Grease (1978)","Comedy,Musical,Romance","3.35","170"
"605","Meet Me in St. Louis (1944)","Musical","3.35","31"
"1126","The Old Man and the Sea (1958)","Adventure,Drama","3.34","32"
"366","Dangerous Minds (1995)","Drama","3.34","47"
"380","Star Trek: Generations (1994)","Action,Adventure,Sci-Fi","3.34","116"
"44","Dolores Claiborne (1994)","Drama,Thriller","3.34","79"
"547","The Young Poisoner's Handbook (1995)","Crime","3.34","41"
"629","Victor/Victoria (1982)","Comedy,Musical","3.34","77"
"676","The Crucible (1996)","Drama","3.34","77"
"949","How to Make an American Quilt (1995)","Drama,Romance","3.34","71"
"1154","Alphaville (1965)","Sci-Fi","3.33","12"
"1220","Higher Learning (1995)","Drama","3.33","30"
"329","Desperate Measures (1998)","Crime,Drama,Thriller","3.33","45"
"394","Radioland Murders (1994)","Comedy,Mystery,Romance","3.33","12"
"625","The Sword in the Stone (1963)","Animation,Children's","3.33","82"
"781","French Kiss (1995)","Comedy,Romance","3.33","84"
"1134","Get on the Bus (1996)","Drama","3.32","38"
"1168","Little Buddha (1993)","Drama","3.32","22"
"49","I.Q. (1994)","Comedy,Romance","3.32","81"
"532","Kama Sutra: A Tale of Love (1996)","Romance","3.32","22"
"739","Pretty Woman (1990)","Comedy,Romance","3.32","164"
"866","Michael (1996)","Comedy,Romance","3.32","119"
"925","Unforgettable (1996)","Sci-Fi,Thriller","3.32","34"
"953","Unstrung Heroes (1995)","Comedy,Drama","3.32","22"
"405","Mission: Impossible (1996)","Action,Adventure,Mystery","3.31","344"
"468","Rudy (1993)","Drama","3.31","64"
"534","Traveller (1997)","Drama","3.31","13"
"752","The Replacement Killers (1998)","Action,Thriller","3.31","39"
"755","Jumanji (1995)","Action,Adventure,Children's,Fantasy,Sci-Fi","3.31","96"
"1114","Faithful (1996)","Comedy","3.30","10"
"1268","Bitter Moon (1992)","Drama","3.30","10"
"301","In & Out (1997)","Comedy","3.30","230"
"348","Desperate Measures (1998)","Crime,Drama,Thriller","3.30","27"
"399","The Three Musketeers (1993)","Action,Adventure,Comedy","3.30","89"
"5","Copycat (1995)","Crime,Drama,Thriller","3.30","86"
"536","Ponette (1996)","Drama","3.30","10"
"1086","It's My Party (1995)","Drama","3.29","21"
"233","Under Siege (1992)","Action","3.29","124"
"279","Once Upon a Time... When We Were Colored (1995)","Drama","3.29","28"
"553","A Walk in the Clouds (1995)","Drama,Romance","3.29","63"
"630","The Great Race (1965)","Comedy,Musical","3.29","31"
"882","Washington Square (1997)","Drama","3.29","34"
"227","Star Trek VI: The Undiscovered Country (1991)","Action,Adventure,Sci-Fi","3.28","161"
"550","Die Hard: With a Vengeance (1995)","Action,Thriller","3.28","151"
"715","To Die For (1995)","Comedy,Drama","3.28","87"
"77","The Firm (1993)","Drama,Thriller","3.28","151"
"1058","The War (1994)","Adventure,Drama","3.27","15"
"1113","Mrs. Parker and the Vicious Circle (1994)","Drama","3.27","22"
"1195","Strawberry and Chocolate (Fresa y chocolate) (1993)","Drama","3.27","11"
"319","Everyone Says I Love You (1996)","Comedy,Musical,Romance","3.27","168"
"624","The Three Caballeros (1945)","Animation,Children's,Musical","3.27","22"
"879","The Peacemaker (1997)","Action,Thriller,War","3.27","136"
"101","Heavy Metal (1981)","Action,Adventure,Animation,Horror,Sci-Fi","3.26","73"
"1118","Up in Smoke (1978)","Comedy","3.26","47"
"339","Mad City (1997)","Action,Drama","3.26","47"
"39","Strange Days (1995)","Action,Crime,Sci-Fi","3.26","87"
"455","Jackie Chan's First Strike (1996)","Action","3.26","145"
"874","Career Girls (1997)","Drama","3.26","39"
"1010","Basquiat (1996)","Drama","3.25","44"
"1296","Indian Summer (1996)","Comedy,Drama","3.25","20"
"249","Austin Powers: International Man of Mystery (1997)","Comedy","3.25","130"
"1017","Trees Lounge (1996)","Drama","3.24","50"
"1045","Fearless (1993)","Drama","3.24","25"
"1051","The Associate (1996)","Comedy","3.24","41"
"54","Outbreak (1995)","Action,Drama,Thriller","3.24","104"
"636","Escape from New York (1981)","Action,Adventure,Sci-Fi,Thriller","3.24","91"
"947","Big Blue, The (Grand bleu, Le) (1988)","Adventure,Romance","3.24","17"
"960","Naked (1993)","Drama","3.24","25"
"1011","2 Days in the Valley (1996)","Crime","3.23","93"
"1044","The Paper (1994)","Comedy,Drama","3.23","40"
"1187","Switchblade Sisters (1975)","Crime","3.23","13"
"123","The Frighteners (1996)","Comedy,Horror","3.23","115"
"1404","Withnail and I (1987)","Comedy","3.23","13"
"159","Basic Instinct (1992)","Mystery,Thriller","3.23","101"
"271","Starship Troopers (1997)","Action,Adventure,Sci-Fi,War","3.23","211"
"278","Bed of Roses (1996)","Drama,Romance","3.23","60"
"627","Robin Hood: Prince of Thieves (1991)","Drama","3.23","75"
"714","Carrington (1995)","Drama,Romance","3.23","13"
"787","Roommates (1995)","Comedy,Drama","3.23","13"
"815","One Fine Day (1996)","Drama,Romance","3.23","112"
"883","Telling Lies in America (1997)","Drama","3.23","13"
"118","Twister (1996)","Action,Adventure,Thriller","3.22","293"
"1401","M. Butterfly (1993)","Drama","3.22","18"
"581","Kalifornia (1993)","Drama,Thriller","3.22","59"
"895","Scream 2 (1997)","Horror,Thriller","3.22","106"
"898","The Postman (1997)","Drama","3.22","58"
"905","Great Expectations (1998)","Drama,Romance","3.22","27"
"1245","Gridlock'd (1997)","Crime","3.21","19"
"140","Homeward Bound: The Incredible Journey (1993)","Adventure,Children's","3.21","61"
"16","French Twist (Gazon maudit) (1995)","Comedy,Romance","3.21","39"
"2","GoldenEye (1995)","Action,Adventure,Thriller","3.21","131"
"232","Young Guns (1988)","Action,Comedy","3.21","101"
"365","Powder (1995)","Drama","3.21","48"
"477","Matilda (1996)","Children's,Comedy","3.21","95"
"562","The Quick and the Dead (1995)","Action,Adventure","3.21","48"
"1055","A Simple Twist of Fate (1994)","Drama","3.20","10"
"1056","Cronos (1992)","Horror","3.20","10"
"148","The Ghost and the Darkness (1996)","Action,Adventure","3.20","128"
"360","Wonderland (1997)","Documentary","3.20","10"
"390","Fear of a Black Hat (1993)","Comedy","3.20","10"
"733","Go Fish (1994)","Drama,Romance","3.20","15"
"833","Bulletproof (1996)","Action","3.20","49"
"979","The Trigger Effect (1996)","Drama,Thriller","3.20","35"
"1018","Tie Me Up! Tie Me Down! (1990)","Drama","3.19","32"
"1041","Forget Paris (1995)","Comedy,Romance","3.19","62"
"280","Up Close and Personal (1996)","Drama,Romance","3.19","85"
"72","The Mask (1994)","Comedy,Crime,Fantasy","3.19","129"
"906","Oscar & Lucinda (1997)","Drama,Romance","3.19","21"
"1421","My Crazy Life (Mi vida loca) (1993)","Drama","3.18","11"
"559","Interview with the Vampire (1994)","Drama,Horror","3.18","137"
"749","The MatchMaker (1997)","Comedy,Romance","3.18","51"
"952","Blue in the Face (1995)","Comedy","3.18","45"
"972","Passion Fish (1992)","Drama","3.18","28"
"980","Mother Night (1996)","Drama","3.18","22"
"1046","Malice (1993)","Thriller","3.17","46"
"1068","Star Maker, The (Uomo delle stelle, L') (1995)","Drama","3.17","12"
"1069","Amateur (1994)","Crime,Drama,Thriller","3.17","18"
"1166","Love & Human Remains (1993)","Comedy","3.17","12"
"1266","Bread and Chocolate (Pane e cioccolata) (1973)","Drama","3.17","12"
"1469","Tom and Huck (1995)","Adventure,Children's","3.17","12"
"219","A Nightmare on Elm Street (1984)","Horror","3.17","111"
"244","Smilla's Sense of Snow (1997)","Action,Drama,Thriller","3.17","48"
"535","Addicted to Love (1997)","Comedy,Romance","3.17","54"
"593","Stalingrad (1993)","War","3.17","12"
"619","Extreme Measures (1996)","Drama,Thriller","3.17","64"
"880","Soul Food (1997)","Drama","3.17","59"
"916","Lost in Space (1998)","Action,Sci-Fi,Thriller","3.17","18"
"967","Little Lord Fauntleroy (1936)","Drama","3.17","12"
"1035","Cool Runnings (1993)","Comedy","3.16","68"
"217","Bram Stoker's Dracula (1992)","Horror,Romance","3.16","120"
"284","Tin Cup (1996)","Comedy,Romance","3.16","193"
"294","Liar Liar (1997)","Comedy","3.16","485"
"312","Midnight in the Garden of Good and Evil (1997)","Comedy,Crime,Drama,Mystery","3.16","80"
"371","The Bridges of Madison County (1995)","Drama,Romance","3.16","67"
"716","Home for the Holidays (1995)","Drama,Romance","3.16","58"
"864","My Fellow Americans (1996)","Comedy","3.16","86"
"975","Fear (1996)","Thriller","3.16","44"
"995","Kiss Me, Guido (1997)","Comedy","3.16","31"
"1281","Manny & Lo (1996)","Drama","3.15","13"
"350","Fallen (1998)","Action,Mystery,Thriller","3.15","41"
"544","Things to Do in Denver when You're Dead (1995)","Crime,Drama,Romance","3.15","71"
"578","Demolition Man (1993)","Action,Sci-Fi","3.15","92"
"597","Eraser (1996)","Action,Thriller","3.15","206"
"689","The Jackal (1997)","Action,Thriller","3.15","87"
"723","Boys on the Side (1995)","Comedy,Drama","3.15","34"
"731","Corrina, Corrina (1994)","Comedy,Drama,Romance","3.15","39"
"785","Only You (1994)","Comedy,Romance","3.15","39"
"842","Pollyanna (1960)","Children's,Comedy,Drama","3.15","27"
"946","The Fox and the Hound (1981)","Animation,Children's","3.15","61"
"1042","Just Cause (1995)","Mystery,Thriller","3.14","28"
"1171","Wild Reeds (1994)","Drama","3.14","14"
"1313","Palmetto (1998)","Film-Noir,Mystery,Thriller","3.14","14"
"281","The River Wild (1994)","Action,Thriller","3.14","146"
"324","Lost Highway (1997)","Mystery","3.14","125"
"409","Jack (1996)","Comedy,Drama","3.14","70"
"62","Stargate (1994)","Action,Adventure,Sci-Fi","3.14","127"
"696","City Hall (1996)","Drama,Thriller","3.14","79"
"102","The Aristocats (1970)","Animation,Children's","3.13","54"
"1285","Princess Caraboo (1994)","Drama","3.13","15"
"1315","Inventing the Abbotts (1997)","Drama,Romance","3.13","23"
"1446","Bye Bye, Love (1995)","Comedy","3.13","15"
"321","Mother (1996)","Comedy","3.13","169"
"410","Kingpin (1996)","Comedy","3.13","162"
"473","James and the Giant Peach (1996)","Animation,Children's,Musical","3.13","126"
"962","Ruby in Paradise (1993)","Drama","3.13","23"
"17","From Dusk Till Dawn (1996)","Action,Comedy,Crime,Horror,Thriller","3.12","92"
"458","Nixon (1995)","Drama","3.12","90"
"557","Farinelli: il castrato (1994)","Drama,Musical","3.12","17"
"748","The Saint (1997)","Action,Romance,Thriller","3.12","316"
"928","The Craft (1996)","Drama,Horror","3.12","104"
"1117","Surviving Picasso (1996)","Drama","3.11","19"
"229","Star Trek III: The Search for Spock (1984)","Action,Adventure,Sci-Fi","3.11","171"
"245","The Devil's Own (1997)","Action,Drama,Thriller,War","3.11","240"
"27","Bad Boys (1995)","Action","3.11","57"
"290","Fierce Creatures (1997)","Comedy","3.11","96"
"812","Andre (1994)","Adventure,Children's","3.11","18"
"903","Afterglow (1997)","Drama,Romance","3.11","18"
"1400","Picture Bride (1995)","Drama,Romance","3.10","10"
"1503","Gold Diggers: The Secret of Bear Mountain (1995)","Adventure,Children's","3.10","10"
"155","Dirty Dancing (1987)","Musical,Romance","3.10","98"
"343","Alien: Resurrection (1997)","Action,Horror,Sci-Fi","3.10","124"
"417","The Parent Trap (1961)","Children's,Drama","3.10","73"
"570","Wyatt Earp (1994)","Unknown","3.10","50"
"63","The Santa Clause (1994)","Children's,Comedy","3.10","82"
"797","Timecop (1994)","Action,Sci-Fi","3.10","31"
"872","Love Jones (1997)","Romance","3.10","42"
"1093","Live Nude Girls (1995)","Comedy","3.09","23"
"322","Murder at 1600 (1997)","Mystery,Thriller","3.09","218"
"341","Critical Care (1997)","Comedy","3.09","11"
"595","The Fan (1996)","Thriller","3.09","64"
"620","The Chamber (1996)","Drama","3.09","43"
"94","Home Alone (1990)","Children's,Comedy","3.09","137"
"990","Anna Karenina (1997)","Drama,Romance","3.09","33"
"108","Kids in the Hall: Brain Candy (1996)","Comedy","3.08","65"
"41","Billy Madison (1995)","Comedy","3.08","37"
"472","Dragonheart (1996)","Action,Adventure,Fantasy","3.08","158"
"712","Tin Men (1987)","Comedy,Drama","3.08","51"
"768","Casper (1995)","Adventure,Children's","3.08","52"
"796","Speechless (1994)","Comedy,Romance","3.08","36"
"886","A Life Less Ordinary (1997)","Romance,Thriller","3.08","53"
"1170","Spanking the Monkey (1994)","Comedy,Drama","3.07","27"
"142","Bedknobs and Broomsticks (1971)","Adventure,Children's,Musical","3.07","57"
"561","Mary Shelley's Frankenstein (1994)","Drama,Horror","3.07","59"
"846","To Gillian on Her 37th Birthday (1996)","Drama,Romance","3.07","44"
"941","With Honors (1994)","Comedy,Drama","3.07","46"
"1014","Romy and Michele's High School Reunion (1997)","Comedy","3.06","98"
"1107","Beyond Rangoon (1995)","Drama","3.06","18"
"682","I Know What You Did Last Summer (1997)","Horror,Mystery,Thriller","3.06","100"
"772","Kids (1995)","Drama","3.06","49"
"1060","The Adventures of Pinocchio (1996)","Adventure,Children's","3.05","39"
"1265","Star Maps (1997)","Drama","3.05","19"
"67","Ace Ventura: Pet Detective (1994)","Comedy","3.05","103"
"679","Conan the Barbarian (1981)","Action,Adventure","3.05","107"
"761","Nick of Time (1995)","Action,Thriller","3.05","44"
"821","Mrs. Winterbourne (1996)","Comedy,Romance","3.05","22"
"90","So I Married an Axe Murderer (1993)","Comedy,Romance,Thriller","3.05","95"
"1028","Grumpier Old Men (1995)","Comedy,Romance","3.04","148"
"704","The House of the Spirits (1993)","Drama,Romance","3.04","24"
"825","The Arrival (1996)","Action,Sci-Fi,Thriller","3.04","83"
"3","Four Rooms (1995)","Thriller","3.03","90"
"449","Star Trek: The Motion Picture (1979)","Action,Adventure,Sci-Fi","3.03","117"
"546","Broken Arrow (1996)","Action,Thriller","3.03","254"
"637","The Howling (1981)","Comedy,Horror","3.03","38"
"85","The Ref (1994)","Comedy","3.03","58"
"974","Eye for an Eye (1996)","Drama,Thriller","3.03","32"
"330","187 (1997)","Drama","3.02","41"
"476","The First Wives Club (1996)","Comedy","3.02","160"
"576","Cliffhanger (1993)","Action,Adventure,Crime","3.02","93"
"640","The Cook the Thief His Wife & Her Lover (1989)","Drama","3.02","82"
"702","Barcelona (1994)","Comedy,Romance","3.02","53"
"720","First Knight (1995)","Action,Adventure,Drama,Romance","3.02","86"
"728","Junior (1994)","Comedy,Sci-Fi","3.02","45"
"1048","She's the One (1996)","Comedy,Romance","3.01","73"
"38","The Net (1995)","Sci-Fi,Thriller","3.01","120"
"1000","Lightning Jack (1994)","Comedy","3.00","10"
"1066","Balto (1995)","Animation,Children's","3.00","16"
"1085","Carried Away (1996)","Drama,Romance","3.00","11"
"1120","I'm Not Rappaport (1996)","Comedy","3.00","17"
"1248","Blink (1994)","Thriller","3.00","19"
"1267","Clockers (1995)","Drama","3.00","33"
"149","Jude (1996)","Drama","3.00","23"
"1518","Losing Isaiah (1995)","Drama","3.00","12"
"1615","Warriors of Virtue (1997)","Action,Adventure,Children's,Fantasy","3.00","10"
"337","The House of Yes (1997)","Comedy,Drama,Thriller","3.00","18"
"43","Disclosure (1994)","Drama,Thriller","3.00","40"
"460","The Crossing Guard (1995)","Drama","3.00","28"
"583","Romeo Is Bleeding (1993)","Crime,Thriller","3.00","37"
"670","Body Snatchers (1993)","Horror,Sci-Fi,Thriller","3.00","36"
"698","The Browning Version (1994)","Drama","3.00","10"
"780","Dumb & Dumber (1994)","Comedy","3.00","69"
"84","Robert A. Heinlein's The Puppet Masters (1994)","Horror,Sci-Fi","3.00","18"
"843","The Shaggy Dog (1959)","Children's,Comedy","3.00","30"
"869","Fools Rush In (1997)","Comedy,Romance","3.00","24"
"944","Renaissance Man (1994)","Comedy,Drama,War","3.00","43"
"1135","The Doors (1991)","Drama,Musical","2.98","46"
"289","Evita (1996)","Drama,Musical","2.98","259"
"379","Tales From the Crypt Presents: Demon Knight (1995)","Horror","2.98","43"
"737","Sirens (1994)","Comedy,Drama","2.98","59"
"1133","Escape to Witch Mountain (1975)","Adventure,Children's,Fantasy","2.97","30"
"308","FairyTale: A True Story (1997)","Children's,Drama,Fantasy","2.97","30"
"1074","Reality Bites (1994)","Comedy,Drama","2.96","77"
"167","Private Benjamin (1980)","Comedy","2.96","67"
"873","Picture Perfect (1997)","Comedy,Romance","2.96","81"
"53","Natural Born Killers (1994)","Action,Thriller","2.95","128"
"252","The Lost World: Jurassic Park (1997)","Action,Adventure,Sci-Fi,Thriller","2.94","158"
"573","Body Snatchers (1993)","Horror,Sci-Fi,Thriller","2.94","33"
"773","Mute Witness (1994)","Thriller","2.94","17"
"774","The Prophecy (1995)","Horror","2.94","32"
"1025","Fire Down Below (1997)","Action,Drama,Thriller","2.93","44"
"1061","The Evening Star (1996)","Comedy,Drama","2.93","29"
"1263","Foxfire (1996)","Drama","2.93","15"
"299","Hoodlum (1997)","Crime,Drama,Film-Noir","2.93","73"
"323","Dante's Peak (1997)","Action,Thriller","2.93","240"
"355","Sphere (1998)","Adventure,Sci-Fi,Thriller","2.93","41"
"722","Nine Months (1995)","Comedy","2.93","58"
"881","Money Talks (1997)","Action,Comedy","2.93","45"
"932","First Kid (1996)","Children's,Comedy","2.93","40"
"934","The Preacher's Wife (1996)","Drama","2.93","68"
"1161","Palookaville (1996)","Action,Drama","2.92","13"
"1244","Metro (1997)","Action","2.92","36"
"342","The Man Who Knew Too Little (1997)","Comedy,Mystery","2.92","52"
"623","Angels in the Outfield (1994)","Children's,Comedy","2.92","39"
"695","Kicking and Screaming (1995)","Comedy,Drama","2.92","13"
"1127","The Truman Show (1998)","Drama","2.91","11"
"225","101 Dalmatians (1996)","Children's,Comedy","2.91","109"
"411","The Nutty Professor (1996)","Comedy,Fantasy,Romance,Sci-Fi","2.91","163"
"621","Davy Crockett, King of the Wild Frontier (1955)","Unknown","2.91","11"
"790","Tommy Boy (1995)","Comedy","2.91","66"
"809","Rising Sun (1993)","Action,Drama,Mystery","2.91","43"
"1219","A Goofy Movie (1995)","Animation,Children's,Comedy,Romance","2.90","20"
"349","Hard Rain (1998)","Action,Thriller","2.90","31"
"373","Judge Dredd (1995)","Action,Adventure,Sci-Fi","2.90","39"
"674","Cat People (1982)","Horror","2.90","48"
"756","Father of the Bride Part II (1995)","Comedy","2.90","128"
"950","Georgia (1995)","Drama","2.90","30"
"106","Diabolique (1996)","Drama,Thriller","2.89","71"
"40","To Wong Foo, Thanks for Everything! Julie Newmar (1995)","Comedy","2.89","57"
"810","The Shadow (1994)","Action","2.89","45"
"1032","Little Big League (1994)","Children's,Comedy","2.88","16"
"1071","Party Girl (1995)","Comedy","2.88","16"
"1157","The Relic (1997)","Horror","2.88","25"
"454","Bastard Out of Carolina (1996)","Drama","2.88","16"
"541","Mortal Kombat (1995)","Action,Adventure","2.88","49"
"800","In the Mouth of Madness (1995)","Horror,Thriller","2.88","26"
"823","Mulholland Falls (1996)","Crime,Film-Noir,Thriller","2.88","82"
"938","A Smile Like Yours (1997)","Comedy,Romance","2.88","25"
"1199","Cemetery Man (Dellamorte Dellamore) (1994)","Comedy,Horror","2.87","23"
"1217","Assassins (1995)","Thriller","2.87","39"
"552","Species (1995)","Sci-Fi","2.87","45"
"309","Deceiver (1997)","Crime","2.86","28"
"984","Shadow Conspiracy (1997)","Thriller","2.86","44"
"985","Blood & Wine (1997)","Drama","2.86","22"
"1110","Tank Girl (1995)","Action,Comedy,Musical,Sci-Fi","2.85","41"
"1208","Kiss of Death (1995)","Crime,Drama,Thriller","2.85","20"
"1284","Before and After (1996)","Drama,Mystery","2.85","26"
"235","Mars Attacks! (1996)","Action,Comedy,Sci-Fi,War","2.85","217"
"422","Aladdin and the King of Thieves (1996)","Animation,Children's,Comedy","2.85","26"
"1047","Multiplicity (1996)","Comedy","2.84","134"
"415","The Apple Dumpling Gang (1975)","Children's,Comedy","2.84","25"
"426","The Transformers: The Movie (1986)","Action,Animation,Children's,Sci-Fi,Thriller,War","2.84","32"
"738","Threesome (1994)","Comedy,Romance","2.84","31"
"808","The Program (1993)","Action,Drama","2.84","31"
"989","Cats Don't Dance (1997)","Animation,Children's,Musical","2.84","32"
"1006","Until the End of the World (Bis ans Ende der Welt) (1991)","Drama,Sci-Fi","2.83","23"
"1015","Shiloh (1997)","Children's,Drama","2.83","12"
"1105","Firestorm (1998)","Action,Adventure,Thriller","2.83","18"
"1249","For Love or Money (1993)","Comedy","2.83","12"
"1297","Love Affair (1994)","Drama,Romance","2.83","12"
"376","Houseguest (1994)","Comedy","2.83","24"
"665","Alien 3 (1992)","Action,Horror,Sci-Fi,Thriller","2.83","100"
"1038","Switchback (1997)","Thriller","2.82","17"
"362","Blues Brothers 2000 (1998)","Action,Comedy,Musical","2.82","28"
"370","Mary Reilly (1996)","Drama,Thriller","2.82","39"
"386","Addams Family Values (1993)","Comedy","2.82","87"
"717","The Juror (1996)","Drama,Thriller","2.82","82"
"951","The Indian in the Cupboard (1995)","Adventure,Children's,Fantasy","2.82","39"
"396","Serial Mom (1994)","Comedy,Crime,Horror","2.81","54"
"678","Volcano (1997)","Drama,Thriller","2.81","219"
"765","Boomerang (1992)","Comedy,Romance","2.81","32"
"801","The Air Up There (1994)","Comedy","2.81","16"
"1112","Cobb (1994)","Drama","2.80","15"
"1540","The Amazing Panda Adventure (1995)","Adventure,Children's","2.80","10"
"18","The White Balloon (1995)","Drama","2.80","10"
"401","The Brady Bunch Movie (1995)","Comedy","2.80","76"
"554","Waterworld (1995)","Action,Adventure","2.80","102"
"567","Wes Craven's New Nightmare (1994)","Horror","2.80","35"
"982","Maximum Risk (1996)","Action,Adventure,Thriller","2.80","20"
"999","Clean Slate (1994)","Comedy","2.80","10"
"240","Beavis and Butt-head Do America (1996)","Animation,Comedy","2.79","156"
"1033","Homeward Bound II: Lost in San Francisco (1996)","Adventure,Children's","2.78","32"
"139","The Love Bug (1969)","Children's,Comedy","2.78","50"
"384","Naked Gun 33 1/3: The Final Insult (1994)","Comedy","2.78","69"
"1059","Don't Be a Menace to South Central While Drinking Your Juice in the Hood (1996)","Comedy","2.77","35"
"1078","Oliver & Company (1988)","Animation,Children's","2.77","22"
"1188","Young Guns II (1990)","Action,Comedy","2.77","44"
"775","Something to Talk About (1995)","Comedy,Drama,Romance","2.77","26"
"820","Space Jam (1996)","Adventure,Animation,Children's,Comedy,Fantasy","2.77","93"
"827","Daylight (1996)","Action,Adventure,Thriller","2.77","57"
"21","Muppet Treasure Island (1996)","Action,Adventure,Comedy,Musical,Thriller","2.76","84"
"335","How to Be a Player (1997)","Comedy","2.76","21"
"572","Blown Away (1994)","Action,Thriller","2.76","29"
"764","If Lucy Fell (1996)","Comedy,Romance","2.76","29"
"80","Hot Shots! Part Deux (1993)","Action,Comedy,War","2.76","68"
"818","Girl 6 (1996)","Comedy","2.76","25"
"824","The Great White Hype (1996)","Comedy","2.76","49"
"1036","Drop Dead Fred (1991)","Comedy,Fantasy","2.75","24"
"391","Last Action Hero (1993)","Action,Comedy","2.75","59"
"725","Exit to Eden (1994)","Comedy","2.75","16"
"841","The Glimmer Man (1996)","Action,Thriller","2.75","48"
"892","Flubber (1997)","Children's,Comedy,Fantasy","2.75","53"
"1210","Virtuosity (1995)","Sci-Fi,Thriller","2.74","38"
"264","Mimic (1997)","Sci-Fi,Thriller","2.74","101"
"635","The Fog (1980)","Horror","2.74","23"
"875","She's So Lovely (1997)","Drama,Romance","2.74","53"
"1273","Color of Night (1994)","Drama,Thriller","2.73","15"
"560","A Kid in King Arthur's Court (1995)","Adventure,Children's,Comedy,Fantasy,Romance,Sci-Fi","2.73","22"
"783","Milk Money (1994)","Comedy,Romance","2.73","37"
"914","Wild Things (1998)","Crime,Drama,Mystery,Thriller","2.73","11"
"1091","Pete's Dragon (1977)","Adventure,Animation,Children's,Musical","2.72","43"
"1478","Dead Presidents (1995)","Action,Crime,Drama","2.72","18"
"363","Sudden Death (1995)","Action","2.72","47"
"400","The Little Rascals (1994)","Children's,Comedy","2.72","18"
"444","The Blob (1958)","Horror,Sci-Fi","2.72","46"
"672","Candyman (1992)","Horror","2.72","65"
"849","Days of Thunder (1990)","Action,Romance","2.72","53"
"266","Kull the Conqueror (1997)","Action,Adventure","2.71","35"
"351","The Prophecy II (1998)","Horror","2.70","20"
"569","Wolf (1994)","Drama,Horror","2.70","67"
"802","Hard Target (1993)","Action,Adventure,Crime,Thriller","2.70","40"
"819","Eddie (1996)","Comedy","2.70","40"
"876","Money Talks (1997)","Action,Comedy","2.70","47"
"926","Down Periscope (1996)","Comedy","2.70","101"
"929","Harriet the Spy (1996)","Children's,Comedy","2.70","40"
"930","Chain Reaction (1996)","Action,Adventure,Thriller","2.70","80"
"1128","Heidi Fleiss: Hollywood Madam (1995)","Documentary","2.69","13"
"1280","Gang Related (1997)","Crime","2.69","16"
"259","George of the Jungle (1997)","Children's,Comedy","2.69","162"
"828","Alaska (1996)","Adventure,Children's","2.69","13"
"977","The Substitute (1996)","Action","2.69","49"
"1163","The Portrait of a Lady (1996)","Drama","2.68","25"
"1206","Amos & Andrew (1993)","Comedy","2.68","19"
"1222","Judgment Night (1993)","Action","2.68","25"
"1283","Out to Sea (1997)","Comedy","2.68","19"
"231","Batman Returns (1992)","Action,Adventure,Comedy,Crime","2.68","142"
"364","Ace Ventura: When Nature Calls (1995)","Comedy","2.68","37"
"565","Village of the Damned (1995)","Horror,Thriller","2.68","22"
"586","Terminal Velocity (1994)","Action","2.68","34"
"1224","The Scout (1994)","Drama","2.67","12"
"29","Batman Forever (1995)","Action,Adventure,Comedy,Crime","2.67","114"
"452","Jaws 2 (1978)","Action,Horror","2.67","66"
"859","April Fool's Day (1986)","Comedy,Horror","2.67","15"
"338","Bean (1997)","Comedy","2.66","91"
"840","Last Man Standing (1996)","Action,Drama","2.66","53"
"760","Screamers (1995)","Sci-Fi","2.65","46"
"829","Fled (1996)","Action,Adventure","2.65","34"
"1225","Angus (1995)","Comedy","2.64","14"
"1335","American Buffalo (1996)","Drama","2.64","11"
"369","Black Sheep (1996)","Comedy","2.64","55"
"413","Tales from the Crypt Presents: Bordello of Blood (1996)","Horror","2.64","55"
"786","The Perez Family (1995)","Comedy,Romance","2.64","14"
"1132","Feeling Minnesota (1996)","Drama,Romance","2.63","32"
"336","Playing God (1997)","Crime,Thriller","2.63","43"
"579","Fatal Instinct (1993)","Comedy","2.63","19"
"771","Johnny Mnemonic (1995)","Action,Sci-Fi,Thriller","2.63","41"
"1095","High School High (1996)","Comedy","2.62","29"
"158","Weekend at Bernie's (1989)","Comedy","2.62","60"
"358","Spawn (1997)","Action,Adventure,Sci-Fi,Thriller","2.62","143"
"1139","Hackers (1995)","Action,Crime,Thriller","2.61","33"
"1040","Two if by Sea (1996)","Comedy,Romance","2.60","25"
"1425","I'll Do Anything (1994)","Comedy,Drama","2.60","10"
"700","Miami Rhapsody (1995)","Comedy","2.60","15"
"782","Little Odessa (1994)","Drama","2.60","10"
"395","Robin Hood: Men in Tights (1993)","Comedy","2.59","56"
"1023","Fathers' Day (1997)","Comedy","2.58","31"
"138","D3: The Mighty Ducks (1996)","Children's,Comedy","2.58","19"
"397","Striking Distance (1993)","Action","2.58","12"
"826","The Phantom (1996)","Adventure","2.58","80"
"105","Sgt. Bilko (1996)","Comedy","2.57","74"
"1411","Barbarella (1968)","Adventure,Sci-Fi","2.57","28"
"260","Event Horizon (1997)","Action,Mystery,Sci-Fi,Thriller","2.57","127"
"441","The Amityville Horror (1979)","Horror","2.57","53"
"986","Turbulence (1997)","Thriller","2.57","23"
"261","Air Bud (1997)","Children's,Comedy","2.56","43"
"680","Kull the Conqueror (1997)","Action,Adventure","2.56","34"
"998","Cabin Boy (1994)","Comedy","2.56","16"
"325","Crash (1996)","Drama,Thriller","2.55","128"
"575","City Slickers II: The Legend of Curly's Gold (1994)","Comedy","2.55","44"
"779","Drop Zone (1994)","Action","2.55","31"
"832","Bogus (1996)","Children's,Drama,Fantasy","2.55","22"
"877","Excess Baggage (1997)","Adventure,Romance","2.54","52"
"1209","Mixed Nuts (1994)","Comedy","2.53","15"
"542","Pocahontas (1995)","Animation,Children's,Musical,Romance","2.53","51"
"1034","The Quest (1996)","Action,Adventure","2.52","27"
"1049","House Arrest (1996)","Comedy","2.52","25"
"110","Operation Dumbo Drop (1995)","Action,Adventure,Comedy,War","2.52","31"
"1258","Trial and Error (1997)","Comedy,Romance","2.52","23"
"734","Made in America (1993)","Comedy","2.52","27"
"878","That Darn Cat! (1997)","Children's,Comedy,Mystery","2.52","33"
"978","Heaven's Prisoners (1996)","Mystery,Thriller","2.52","27"
"407","Spy Hard (1996)","Comedy","2.51","43"
"540","Money Train (1995)","Action","2.51","43"
"1092","Dear God (1996)","Comedy","2.50","12"
"1180","I Love Trouble (1994)","Action,Comedy","2.50","10"
"1181","A Low Down Dirty Shame (1994)","Action,Comedy","2.50","10"
"1184","The Endless Summer 2 (1994)","Documentary","2.50","10"
"1231","Marked for Death (1990)","Action,Drama","2.50","22"
"1311","Waiting to Exhale (1995)","Comedy,Drama","2.50","16"
"1434","Shooting Fish (1997)","Romance","2.50","10"
"146","Unhook the Stars (1996)","Drama","2.50","10"
"556","Wild Bill (1995)","Unknown","2.50","12"
"571","Another Stakeout (1993)","Comedy,Thriller","2.50","28"
"791","The Baby-Sitters Club (1995)","Children's","2.50","10"
"908","Half Baked (1998)","Comedy","2.50","20"
"996","The Big Green (1995)","Children's,Comedy","2.50","14"
"585","Son in Law (1993)","Comedy","2.49","39"
"539","Mouse Hunt (1997)","Children's,Comedy","2.48","44"
"1178","Major Payne (1994)","Comedy","2.47","19"
"1232","Madonna: Truth or Dare (1991)","Documentary","2.47","17"
"1444","That Darn Cat! (1965)","Children's,Comedy,Mystery","2.47","19"
"1228","Under Siege 2: Dark Territory (1995)","Action","2.46","48"
"831","Escape from L.A. (1996)","Action,Adventure,Sci-Fi,Thriller","2.46","91"
"112","Flipper (1996)","Adventure,Children's","2.45","20"
"1314","Surviving the Game (1994)","Action,Adventure,Thriller","2.45","11"
"145","The Lawnmower Man (1992)","Action,Sci-Fi,Thriller","2.45","65"
"254","Batman & Robin (1997)","Action,Adventure,Crime","2.45","62"
"406","Thinner (1996)","Horror,Thriller","2.45","49"
"769","Congo (1995)","Action,Adventure,Mystery,Sci-Fi","2.45","42"
"78","Free Willy (1993)","Adventure,Children's,Drama","2.45","33"
"1239","Cutthroat Island (1995)","Action,Adventure,Romance","2.44","18"
"243","Jungle2Jungle (1997)","Children's,Comedy","2.44","132"
"681","Wishmaster (1997)","Horror","2.44","27"
"353","Deep Rising (1998)","Action,Horror,Sci-Fi","2.43","14"
"726","Fluke (1995)","Children's,Drama","2.43","14"
"795","Richie Rich (1994)","Children's,Comedy","2.43","21"
"816","Candyman: Farewell to the Flesh (1995)","Horror","2.43","21"
"893","For Richer or Poorer (1997)","Comedy","2.43","14"
"933","The Funeral (1996)","Drama","2.43","21"
"1094","A Thin Line Between Love and Hate (1996)","Comedy","2.42","12"
"551","Lord of Illusions (1995)","Horror","2.42","24"
"1090","Sliver (1993)","Thriller","2.41","37"
"563","Stephen King's The Langoliers (1995)","Horror","2.41","29"
"683","Rocket Man (1997)","Comedy","2.41","49"
"719","Canadian Bacon (1994)","Comedy,War","2.41","29"
"412","A Very Brady Sequel (1996)","Comedy","2.40","93"
"450","Star Trek V: The Final Frontier (1989)","Action,Adventure,Sci-Fi","2.40","63"
"871","Vegas Vacation (1997)","Comedy","2.40","75"
"983","The Rich Man's Wife (1996)","Thriller","2.40","15"
"388","Beverly Hills Cop III (1994)","Action,Comedy","2.39","28"
"122","The Cable Guy (1996)","Comedy","2.34","106"
"940","Airheads (1994)","Comedy","2.34","32"
"1303","The Getaway (1994)","Action","2.33","18"
"1057","The Pallbearer (1996)","Comedy","2.32","22"
"1182","Cops and Robbersons (1994)","Comedy","2.31","13"
"456","Beverly Hills Ninja (1997)","Action,Comedy","2.31","48"
"988","The Beautician and the Beast (1997)","Comedy,Romance","2.31","86"
"1054","Mr. Wrong (1996)","Comedy","2.30","23"
"1013","Anaconda (1997)","Action,Adventure,Thriller","2.29","38"
"1140","The Road to Wellville (1994)","Comedy","2.29","17"
"1207","Jade (1995)","Thriller","2.29","17"
"1052","Dracula: Dead and Loving It (1995)","Comedy,Horror","2.28","25"
"1185","In the Army Now (1994)","Comedy,War","2.28","18"
"1480","Herbie Rides Again (1974)","Adventure,Children's,Comedy","2.27","11"
"374","Mighty Morphin Power Rangers: The Movie (1995)","Action,Children's","2.27","11"
"130","Kansas City (1996)","Crime","2.26","23"
"1030","The Beverly Hillbillies (1993)","Comedy","2.25","20"
"1076","The Pagemaster (1994)","Action,Adventure,Animation,Children's,Fantasy","2.25","12"
"1407","The Specialist (1994)","Action","2.25","20"
"860","The Believers (1987)","Horror,Thriller","2.25","16"
"1079","Joe's Apartment (1996)","Comedy,Musical","2.24","45"
"120","Striptease (1996)","Comedy,Crime","2.24","67"
"991","Keys to Tulsa (1997)","Crime","2.24","25"
"1088","Double Team (1997)","Action","2.23","13"
"885","Phantoms (1998)","Horror","2.23","13"
"577","Coneheads (1993)","Comedy,Sci-Fi","2.22","41"
"1183","The Cowboy Way (1994)","Action,Comedy","2.21","19"
"1291","Celtic Pride (1996)","Comedy","2.20","15"
"574","Boxing Helena (1993)","Mystery,Romance,Thriller","2.20","15"
"834","Halloween: The Curse of Michael Myers (1995)","Horror,Thriller","2.20","25"
"687","McHale's Navy (1997)","Comedy,War","2.19","69"
"35","Free Willy 2: The Adventure Home (1995)","Adventure,Children's,Drama","2.18","11"
"759","Fair Game (1995)","Action","2.18","11"
"767","The Addiction (1995)","Horror","2.18","11"
"548","The NeverEnding Story III (1994)","Children's,Fantasy","2.17","12"
"667","Audrey Rose (1977)","Horror","2.17","12"
"948","Booty Call (1997)","Comedy,Romance","2.17","48"
"263","Steel (1997)","Action","2.16","19"
"931","The Island of Dr. Moreau (1996)","Sci-Fi,Thriller","2.16","57"
"1229","Poison Ivy II (1995)","Drama,Thriller","2.15","13"
"36","Mad Love (1995)","Drama,Romance","2.15","13"
"377","Heavyweights (1994)","Children's,Comedy","2.15","13"
"1089","Speed 2: Cruise Control (1997)","Action,Romance,Thriller","2.13","38"
"1419","Highlander III: The Sorcerer (1994)","Action,Sci-Fi","2.13","16"
"997","Stuart Saves His Family (1995)","Comedy","2.13","16"
"352","Spice World (1997)","Comedy,Musical","2.12","26"
"862","Jingle All the Way (1996)","Adventure,Children's,Comedy","2.11","18"
"398","Super Mario Bros. (1993)","Action,Adventure,Children's,Sci-Fi","2.08","26"
"383","The Flintstones (1994)","Children's,Comedy","2.06","31"
"564","Tales from the Hood (1995)","Comedy,Horror","2.04","27"
"1001","The Stupids (1996)","Comedy","2.00","17"
"1029","Jury Duty (1995)","Comedy","2.00","14"
"1037","Grease 2 (1982)","Comedy,Musical,Romance","2.00","24"
"555","White Man's Burden (1995)","Drama","2.00","10"
"590","Hellraiser: Bloodline (1996)","Action,Horror,Sci-Fi","2.00","18"
"375","Showgirls (1995)","Drama","1.96","23"
"743","The Crow: City of Angels (1996)","Action,Thriller","1.95","39"
"890","Mortal Kombat: Annihilation (1997)","Action,Adventure","1.95","43"
"453","Jaws 3-D (1983)","Action,Horror","1.94","16"
"1215","Barb Wire (1996)","Action,Sci-Fi","1.93","30"
"901","Mr. Magoo (1997)","Comedy","1.92","12"
"368","Bio-Dome (1996)","Comedy","1.90","31"
"894","Home Alone 3 (1997)","Children's,Comedy","1.89","19"
"103","All Dogs Go to Heaven 2 (1996)","Animation,Children's,Musical","1.87","15"
"1165","Big Bully (1996)","Comedy,Drama","1.86","14"
"688","Leave It to Beaver (1997)","Comedy","1.84","44"
"1230","Ready to Wear (Pret-A-Porter) (1994)","Comedy","1.83","18"
"545","Vampire in Brooklyn (1995)","Comedy,Romance","1.83","12"
"976","Solo (1996)","Action,Sci-Fi,Thriller","1.83","12"
"1254","Gone Fishin' (1997)","Comedy","1.82","11"
"1336","Kazaam (1996)","Children's,Comedy,Fantasy","1.80","10"
"457","Free Willy 3: The Rescue (1997)","Adventure,Children's,Drama","1.74","27"
"1274","Robocop 3 (1993)","Sci-Fi,Thriller","1.73","11"
"758","Lawnmower Man 2: Beyond Cyberspace (1996)","Sci-Fi,Thriller","1.71","21"
"1087","Bloodsport 2 (1995)","Action","1.70","10"
"440","Amityville II: The Possession (1982)","Horror","1.64","14"
"669","Body Parts (1991)","Horror","1.62","13"
"424","Children of the Corn: The Gathering (1996)","Horror","1.32","19"
